{"textures":{"0":"modelengine:entity/dairycawl"},"elements":[{"from":[5.657463,7.001998,7.652403],"to":[9.657463,9.001998,9.652403],"faces":{"east":{"uv":[0.0,7.5,0.25,7.75],"tintindex":0,"rotation":0,"texture":"#0"},"south":{"uv":[6.625,4.0,7.125,4.25],"tintindex":0,"rotation":0,"texture":"#0"},"north":{"uv":[6.625,3.625,7.125,3.875],"tintindex":0,"rotation":0,"texture":"#0"},"west":{"uv":[1.875,7.5,2.125,7.75],"tintindex":0,"rotation":0,"texture":"#0"},"up":{"uv":[7.125,4.625,6.625,4.375],"tintindex":0,"rotation":0,"texture":"#0"},"down":{"uv":[7.125,4.75,6.625,5.0],"tintindex":0,"rotation":0,"texture":"#0"}}},{"from":[6.3145695,1.5019984,6.145296],"to":[6.3145695,9.501998,7.145296],"faces":{"east":{"uv":[4.0,0.0,4.125,1.0],"tintindex":0,"rotation":0,"texture":"#0"},"west":{"uv":[2.875,6.5,3.0,7.5],"tintindex":0,"rotation":0,"texture":"#0"}},"rotation":{"origin":[6.3145695,5.501998,6.145296],"angle":-45.0,"axis":"y"}},{"from":[5.6074634,1.5019984,6.8524027],"to":[5.6074634,9.501998,15.852403],"faces":{"east":{"uv":[0.0,2.5,1.125,3.5],"tintindex":0,"rotation":0,"texture":"#0"},"west":{"uv":[1.25,2.5,2.375,3.5],"tintindex":0,"rotation":0,"texture":"#0"}}}],"display":{"gui":{"rotation":[30,225,0]}}}