{"textures":{"0":"modelengine:entity/dairycawl"},"elements":[{"from":[9.026169,5.7346764,4.5301466],"to":[10.226169,6.934676,6.5301466],"faces":{"east":{"uv":[1.5,8.125,1.75,8.25],"tintindex":0,"rotation":0,"texture":"#0"},"south":{"uv":[8.25,1.25,8.375,1.375],"tintindex":0,"rotation":0,"texture":"#0"},"north":{"uv":[8.25,1.0,8.375,1.125],"tintindex":0,"rotation":0,"texture":"#0"},"west":{"uv":[1.875,8.125,2.125,8.25],"tintindex":0,"rotation":0,"texture":"#0"},"up":{"uv":[7.25,8.25,7.125,8.0],"tintindex":0,"rotation":0,"texture":"#0"},"down":{"uv":[3.125,8.125,3.0,8.375],"tintindex":0,"rotation":0,"texture":"#0"}},"rotation":{"origin":[6.3770485,6.026276,5.471667],"angle":-22.5,"axis":"x"}},{"from":[7.5,6.1144476,9.052607],"to":[8.5,7.214448,11.052607],"faces":{"east":{"uv":[8.125,4.5,8.375,4.625],"tintindex":0,"rotation":0,"texture":"#0"},"south":{"uv":[2.75,8.25,2.875,8.375],"tintindex":0,"rotation":0,"texture":"#0"},"north":{"uv":[8.25,2.625,8.375,2.75],"tintindex":0,"rotation":0,"texture":"#0"},"west":{"uv":[8.125,4.75,8.375,4.875],"tintindex":0,"rotation":0,"texture":"#0"},"up":{"uv":[5.0,8.375,4.875,8.125],"tintindex":0,"rotation":0,"texture":"#0"},"down":{"uv":[5.25,8.125,5.125,8.375],"tintindex":0,"rotation":0,"texture":"#0"}},"rotation":{"origin":[8.1168,6.406048,9.752606],"angle":22.5,"axis":"x"}},{"from":[6.5,5.531248,6.2534065],"to":[9.5,7.531248,9.253407],"faces":{"east":{"uv":[7.25,4.625,7.625,4.875],"tintindex":0,"rotation":0,"texture":"#0"},"south":{"uv":[4.75,7.25,5.125,7.5],"tintindex":0,"rotation":0,"texture":"#0"},"north":{"uv":[4.25,7.25,4.625,7.5],"tintindex":0,"rotation":0,"texture":"#0"},"west":{"uv":[7.25,5.0,7.625,5.25],"tintindex":0,"rotation":0,"texture":"#0"},"up":{"uv":[7.0,1.5,6.625,1.125],"tintindex":0,"rotation":0,"texture":"#0"},"down":{"uv":[7.0,3.125,6.625,3.5],"tintindex":0,"rotation":0,"texture":"#0"}}},{"from":[5.7738314,5.7346764,4.5301466],"to":[6.973831,6.934676,6.5301466],"faces":{"east":{"uv":[3.25,8.125,3.5,8.25],"tintindex":0,"rotation":0,"texture":"#0"},"south":{"uv":[2.5,8.25,2.625,8.375],"tintindex":0,"rotation":0,"texture":"#0"},"north":{"uv":[2.25,8.25,2.375,8.375],"tintindex":0,"rotation":0,"texture":"#0"},"west":{"uv":[3.625,8.125,3.875,8.25],"tintindex":0,"rotation":0,"texture":"#0"},"up":{"uv":[8.25,3.875,8.125,3.625],"tintindex":0,"rotation":0,"texture":"#0"},"down":{"uv":[4.125,8.125,4.0,8.375],"tintindex":0,"rotation":0,"texture":"#0"}},"rotation":{"origin":[9.6229515,6.026276,5.471667],"angle":-22.5,"axis":"x"}},{"from":[6.85,7.2808475,6.536607],"to":[9.15,8.280848,8.836607],"faces":{"east":{"uv":[8.125,6.25,8.375,6.375],"tintindex":0,"rotation":0,"texture":"#0"},"south":{"uv":[8.125,6.5,8.375,6.625],"tintindex":0,"rotation":0,"texture":"#0"},"north":{"uv":[8.125,6.0,8.375,6.125],"tintindex":0,"rotation":0,"texture":"#0"},"west":{"uv":[8.125,6.75,8.375,6.875],"tintindex":0,"rotation":0,"texture":"#0"},"up":{"uv":[0.25,8.125,0.0,7.875],"tintindex":0,"rotation":0,"texture":"#0"},"down":{"uv":[0.625,7.875,0.375,8.125],"tintindex":0,"rotation":0,"texture":"#0"}}},{"from":[5.2738533,5.5254154,5.759603],"to":[7.2938538,7.545416,8.779603],"faces":{"east":{"uv":[7.25,3.375,7.625,3.625],"tintindex":0,"rotation":0,"texture":"#0"},"south":{"uv":[7.375,7.75,7.625,8.0],"tintindex":0,"rotation":0,"texture":"#0"},"north":{"uv":[7.75,7.0,8.0,7.25],"tintindex":0,"rotation":0,"texture":"#0"},"west":{"uv":[7.25,3.75,7.625,4.0],"tintindex":0,"rotation":0,"texture":"#0"},"up":{"uv":[4.125,7.625,3.875,7.25],"tintindex":0,"rotation":0,"texture":"#0"},"down":{"uv":[7.5,4.125,7.25,4.5],"tintindex":0,"rotation":0,"texture":"#0"}},"rotation":{"origin":[6.154485,6.406048,5.2405553],"angle":22.5,"axis":"y"}},{"from":[8.706146,5.5254154,5.759603],"to":[10.726147,7.545416,8.779603],"faces":{"east":{"uv":[7.125,3.0,7.5,3.25],"tintindex":0,"rotation":0,"texture":"#0"},"south":{"uv":[7.75,6.625,8.0,6.875],"tintindex":0,"rotation":0,"texture":"#0"},"north":{"uv":[6.125,7.75,6.375,8.0],"tintindex":0,"rotation":0,"texture":"#0"},"west":{"uv":[6.125,7.125,6.5,7.375],"tintindex":0,"rotation":0,"texture":"#0"},"up":{"uv":[6.875,7.5,6.625,7.125],"tintindex":0,"rotation":0,"texture":"#0"},"down":{"uv":[7.25,7.125,7.0,7.5],"tintindex":0,"rotation":0,"texture":"#0"}},"rotation":{"origin":[9.845514,6.406048,5.2405553],"angle":-22.5,"axis":"y"}},{"from":[7.0,5.531248,9.169407],"to":[9.0,7.531248,10.169407],"faces":{"east":{"uv":[5.375,8.125,5.5,8.375],"tintindex":0,"rotation":0,"texture":"#0"},"south":{"uv":[7.75,7.75,8.0,8.0],"tintindex":0,"rotation":0,"texture":"#0"},"north":{"uv":[7.75,7.375,8.0,7.625],"tintindex":0,"rotation":0,"texture":"#0"},"west":{"uv":[5.625,8.125,5.75,8.375],"tintindex":0,"rotation":0,"texture":"#0"},"up":{"uv":[8.375,5.125,8.125,5.0],"tintindex":0,"rotation":0,"texture":"#0"},"down":{"uv":[6.125,8.125,5.875,8.25],"tintindex":0,"rotation":0,"texture":"#0"}}}],"display":{"gui":{"rotation":[30,225,0]}}}