{"textures":{"0":"modelengine:entity/dairycawl_blue"},"elements":[{"from":[9.685431,1.5019984,6.145296],"to":[9.685431,9.501998,7.145296],"faces":{"east":{"uv":[0.625,6.75,0.75,7.75],"tintindex":0,"rotation":0,"texture":"#0"},"west":{"uv":[0.875,6.75,1.0,7.75],"tintindex":0,"rotation":0,"texture":"#0"}},"rotation":{"origin":[9.685431,5.501998,6.145296],"angle":45.0,"axis":"y"}},{"from":[10.392536,1.5019984,6.8524027],"to":[10.392536,9.501998,15.852403],"faces":{"east":{"uv":[2.5,2.5,3.625,3.5],"tintindex":0,"rotation":0,"texture":"#0"},"west":{"uv":[2.75,0.0,3.875,1.0],"tintindex":0,"rotation":0,"texture":"#0"}}},{"from":[6.342537,7.001998,7.652403],"to":[10.342537,9.001998,9.652403],"faces":{"east":{"uv":[2.25,7.5,2.5,7.75],"tintindex":0,"rotation":0,"texture":"#0"},"south":{"uv":[6.625,5.5,7.125,5.75],"tintindex":0,"rotation":0,"texture":"#0"},"north":{"uv":[6.625,5.125,7.125,5.375],"tintindex":0,"rotation":0,"texture":"#0"},"west":{"uv":[3.125,7.5,3.375,7.75],"tintindex":0,"rotation":0,"texture":"#0"},"up":{"uv":[7.125,6.125,6.625,5.875],"tintindex":0,"rotation":0,"texture":"#0"},"down":{"uv":[0.5,6.75,0.0,7.0],"tintindex":0,"rotation":0,"texture":"#0"}}}],"display":{"gui":{"rotation":[30,225,0]}}}