{"textures":{"0":"modelengine:entity/mooncalf"},"elements":[{"from":[7.0815997,-1.9429445,2.9565678],"to":[9.148,-1.9229441,5.3673677],"faces":{"east":{"uv":[2.625,1.25,2.125,1.763],"tintindex":0,"rotation":0,"texture":"#0"},"south":{"uv":[2.625,1.25,2.125,1.763],"tintindex":0,"rotation":0,"texture":"#0"},"north":{"uv":[2.625,1.25,2.125,1.763],"tintindex":0,"rotation":0,"texture":"#0"},"west":{"uv":[2.625,1.25,2.125,1.763],"tintindex":0,"rotation":0,"texture":"#0"},"up":{"uv":[8.625,14.0,10.463,12.25],"tintindex":0,"rotation":90,"texture":"#0"},"down":{"uv":[8.625,14.0,10.463,12.25],"tintindex":0,"rotation":270,"texture":"#0"}}},{"from":[6.2205997,5.6338553,4.9368677],"to":[9.3202,11.574756,9.930668],"faces":{"east":{"uv":[6.125,6.25,7.875,7.975],"tintindex":0,"rotation":0,"texture":"#0"},"south":{"uv":[6.125,6.25,7.875,7.975],"tintindex":0,"rotation":0,"texture":"#0"},"north":{"uv":[6.125,6.25,7.125,7.975],"tintindex":0,"rotation":0,"texture":"#0"},"west":{"uv":[6.125,6.25,7.875,7.975],"tintindex":0,"rotation":0,"texture":"#0"},"up":{"uv":[6.125,6.25,7.125,7.975],"tintindex":0,"rotation":0,"texture":"#0"},"down":{"uv":[6.125,6.25,7.125,7.975],"tintindex":0,"rotation":0,"texture":"#0"}},"rotation":{"origin":[7.6843,7.9155054,5.927017],"angle":22.5,"axis":"x"}},{"from":[7.0815997,-1.9429445,5.3673677],"to":[9.148,6.882305,8.811367],"faces":{"east":{"uv":[2.75,8.013,4.0,6.0],"tintindex":0,"rotation":0,"texture":"#0"},"south":{"uv":[2.75,8.013,3.5,6.0],"tintindex":0,"rotation":0,"texture":"#0"},"north":{"uv":[3.5,6.0,2.75,7.788],"tintindex":0,"rotation":0,"texture":"#0"},"west":{"uv":[2.75,8.013,4.0,6.0],"tintindex":0,"rotation":0,"texture":"#0"},"up":{"uv":[2.75,8.013,4.0,6.0],"tintindex":0,"rotation":0,"texture":"#0"},"down":{"uv":[2.75,8.013,4.0,6.0],"tintindex":0,"rotation":0,"texture":"#0"}}}]}