{"textures":{"0":"modelengine:entity/mooncalf","1":"modelengine:entity/mooncalfhead"},"elements":[{"from":[8.807269,10.140902,3.5187836],"to":[12.734152,14.738228,8.479712],"faces":{"east":{"uv":[7.925,4.147,3.45,0.0],"tintindex":0,"rotation":180,"texture":"#1"},"south":{"uv":[14.742,5.746,11.2,1.6],"tintindex":0,"rotation":0,"texture":"#1"},"north":{"uv":[2.792,3.146,0.0,0.0],"tintindex":0,"rotation":180,"texture":"#1"},"west":{"uv":[9.675,5.347,5.2,1.2],"tintindex":0,"rotation":180,"texture":"#1"},"up":{"uv":[7.925,4.147,3.45,0.0],"tintindex":0,"rotation":180,"texture":"#1"},"down":{"uv":[11.2,0.8000002,14.742,5.273],"tintindex":0,"rotation":180,"texture":"#1"}}},{"from":[21.32576,9.633635,5.1349916],"to":[21.327534,13.216429,11.431485],"faces":{"east":{"uv":[0.0,8.0,3.979,10.071],"tintindex":0,"rotation":0,"texture":"#1"},"south":{"uv":[16.0,10.0,15.0,11.0],"tintindex":0,"rotation":0,"texture":"#1"},"north":{"uv":[16.0,9.75,15.0,10.75],"tintindex":0,"rotation":180,"texture":"#1"},"west":{"uv":[3.979,11.5,0.0,13.571],"tintindex":0,"rotation":0,"texture":"#1"},"up":{"uv":[16.0,8.25,15.0,9.25],"tintindex":0,"rotation":180,"texture":"#1"},"down":{"uv":[16.0,13.5,15.0,14.5],"tintindex":0,"rotation":0,"texture":"#1"}},"rotation":{"origin":[28.06567,19.317785,29.567194],"angle":22.5,"axis":"y"}},{"from":[-5.341217,9.633635,5.1349916],"to":[-5.339444,13.216429,11.431485],"faces":{"east":{"uv":[0.0,11.5,3.979,13.571],"tintindex":0,"rotation":0,"texture":"#1"},"south":{"uv":[15.0,10.0,16.0,11.0],"tintindex":0,"rotation":0,"texture":"#1"},"north":{"uv":[15.0,9.75,16.0,10.75],"tintindex":0,"rotation":180,"texture":"#1"},"west":{"uv":[3.979,8.0,0.0,10.071],"tintindex":0,"rotation":0,"texture":"#1"},"up":{"uv":[15.0,8.25,16.0,9.25],"tintindex":0,"rotation":180,"texture":"#1"},"down":{"uv":[15.0,13.5,16.0,14.5],"tintindex":0,"rotation":0,"texture":"#1"}},"rotation":{"origin":[-12.079351,19.317785,29.567194],"angle":-22.5,"axis":"y"}},{"from":[6.953794,10.457678,2.7460003],"to":[9.032523,13.378895,4.517886],"faces":{"east":{"uv":[9.9,6.25,8.75,8.32],"tintindex":0,"rotation":180,"texture":"#0"},"south":{"uv":[9.9,6.25,8.75,8.32],"tintindex":0,"rotation":180,"texture":"#0"},"north":{"uv":[9.9,6.25,8.75,8.32],"tintindex":0,"rotation":180,"texture":"#0"},"west":{"uv":[9.9,6.25,8.75,8.32],"tintindex":0,"rotation":180,"texture":"#0"},"up":{"uv":[9.9,6.25,8.75,8.32],"tintindex":0,"rotation":180,"texture":"#0"},"down":{"uv":[9.9,6.25,8.75,8.32],"tintindex":0,"rotation":180,"texture":"#0"}},"rotation":{"origin":[8.232603,11.367636,3.4164085],"angle":22.5,"axis":"x"}},{"from":[3.395832,6.8844624,3.5666723],"to":[12.590486,14.546673,13.144437],"faces":{"east":{"uv":[7.9,4.0,6.0,5.82],"tintindex":0,"rotation":180,"texture":"#0"},"south":{"uv":[7.9,4.0,6.0,5.82],"tintindex":0,"rotation":180,"texture":"#0"},"north":{"uv":[5.9,9.945,4.0,8.25],"tintindex":0,"rotation":180,"texture":"#0"},"west":{"uv":[7.9,4.0,6.0,5.82],"tintindex":0,"rotation":180,"texture":"#0"},"up":{"uv":[7.9,4.0,6.0,5.82],"tintindex":0,"rotation":180,"texture":"#0"},"down":{"uv":[7.9,4.0,6.0,5.82],"tintindex":0,"rotation":180,"texture":"#0"}}},{"from":[6.3418813,8.9302025,2.4487343],"to":[9.644436,10.808508,4.029066],"faces":{"east":{"uv":[9.9,6.25,8.75,8.32],"tintindex":0,"rotation":180,"texture":"#0"},"south":{"uv":[9.9,6.25,8.75,8.32],"tintindex":0,"rotation":180,"texture":"#0"},"north":{"uv":[5.475,4.75,4.0,5.97],"tintindex":0,"rotation":180,"texture":"#0"},"west":{"uv":[9.9,6.25,8.75,8.32],"tintindex":0,"rotation":180,"texture":"#0"},"up":{"uv":[9.9,6.25,8.75,8.32],"tintindex":0,"rotation":180,"texture":"#0"},"down":{"uv":[9.9,6.25,8.75,8.32],"tintindex":0,"rotation":180,"texture":"#0"}}},{"from":[3.3000546,10.140902,3.5187836],"to":[7.226938,14.738228,8.479712],"faces":{"east":{"uv":[5.2,5.347,9.675,1.2],"tintindex":0,"rotation":180,"texture":"#1"},"south":{"uv":[11.2,5.746,14.742,1.6],"tintindex":0,"rotation":0,"texture":"#1"},"north":{"uv":[0.0,3.146,2.792,0.0],"tintindex":0,"rotation":180,"texture":"#1"},"west":{"uv":[7.925,4.147,3.45,0.0],"tintindex":0,"rotation":180,"texture":"#1"},"up":{"uv":[7.925,4.147,3.45,0.0],"tintindex":0,"rotation":180,"texture":"#1"},"down":{"uv":[14.742,0.8000002,11.2,5.273],"tintindex":0,"rotation":180,"texture":"#1"}}}],"display":{"gui":{"rotation":[30,225,0]}}}